ID,EASTING,NORTHING
PPM002,516179.307062831,5656014.03739418
PPM002,516127.459370594,5655981.88129218
PPM002,516121.108080956,5656222.49958116
PPM002,516119.65541275,5656225.36415418
PPM002,516118.155667814,5656243.3080835
PPM002,516037.475685382,5656356.09749841
PPM002,515951.662849322,5656854.23386992
PPM002,515942.118873026,5656826.92558704
PPM002,516126.90811536,5657053.38103593
PPM002,516160.365997895,5657096.44453308
PPM002,516118.686128028,5657074.37327064
PPM002,516496.076585515,5656319.13202905
PPM002,516451.192297493,5656318.03243436
PPM002,516437.607054519,5656292.64535453
PPM002,516450.822705991,5656288.86196945
PPM002,516421.154992739,5656269.55115302
PPM002,516465.951656475,5656520.17386815
PPM002,516438.647403359,5656474.33675977
PPM002,516557.534091765,5656480.13243181
PPM002,516458.328976243,5656532.73806331
PPM002,516818.310221935,5656619.80488361
PPM002,516786.40227385,5656652.51789085
PPM002,516825.289303819,5656645.82757107
PPM002,516311.86558932,5656101.5508433
PPM002,516101.148713316,5656388.63433822
PPM002,516034.265057133,5656340.58543929
PPM002,515947.958465653,5656354.36339126
PPM002,515983.389118571,5656355.25140514
PPM002,515998.424438267,5656406.37479424
PPM002,515955.661876855,5656372.04667173
PPM002,515900.892675508,5656376.7262591
PPM002,515931.768562785,5656395.55962567
PPM002,516423.936414055,5657071.54346368
PPM002,515648.331471571,5656575.96921206
PPM002,515685.34618655,5656597.03271993
PPM002,515806.294082208,5656661.3449824
PPM002,515801.528344293,5656517.26327833
PPM002,515802.946117802,5656653.90618365
PPM002,515849.793549514,5656626.38180804
PPM002,515908.430093354,5656905.36634663
PPM002,515945.564390148,5656823.09962771
PPM002,515879.329925398,5656761.29852569
PPM002,515826.063927455,5656727.32836673
PPM002,515862.072516051,5656737.71431127
PPM002,515889.693491021,5656645.43170263
PPM002,515925.976228446,5656726.10101826
PPM002,515911.666670093,5656646.48911874
PPM002,515913.31014589,5656645.30428263
PPM002,515909.700541559,5656629.57977403
PPM002,515876.046531319,5656630.3880482
PPM002,515851.805899693,5656582.66186366
PPM002,515879.075015097,5656593.57711894
PPM002,515865.937845454,5656645.18070369
PPM002,515774.23357647,5656698.02267333
PPM002,515773.426588599,5656661.68926851
PPM002,515849.096746888,5656675.29910678
PPM002,515875.334069318,5656675.20180193
PPM002,515881.762527483,5656656.21650134
PPM002,515861.947131992,5656705.54207966
PPM002,515874.012146436,5656729.06583918
PPM002,515886.602353831,5656732.1849739
PPM002,516216.107068241,5657092.32681449
PPM002,516250.20695442,5657151.4955397
PPM002,515869.054312065,5656727.89405443
PPM002,515821.595743892,5656701.29250682
PPM002,515852.912235254,5656708.46127887
PPM002,515851.386578501,5656716.93047758
PPM002,515847.28254814,5656711.55775559
PPM002,515581.88434121,5656784.36803822
PPM002,515865.943293438,5656910.15087317
PPM002,515893.740537826,5657001.5808964
PPM002,516022.755535976,5657185.56962554
PPM002,516015.3177687,5657186.62523783
PPM002,515997.727280319,5657169.4338508
PPM002,516032.133975868,5657166.56029491
PPM002,515959.351947967,5655903.77071103
PPM002,516387.85743364,5656479.62436271
PPM002,516421.660689713,5656549.00190986
PPM002,516563.879263187,5656459.56858177
PPM002,516429.167229765,5656491.42116066
PPM002,516849.413746537,5656758.51339082
PPM002,516779.799443694,5656827.5901681
PPM002,515912.656316658,5656955.13288033
PPM002,515902.111802882,5656934.14919675
PPM002,515917.23332208,5656947.92973173
PPM002,515914.0919915,5656955.40420073
PPM002,515900.738546068,5656947.73432353
PPM002,515913.237567042,5656952.97727836
PPM002,515907.962174064,5656979.88395937
PPM002,515907.508262322,5656977.10241346
PPM002,515865.912583213,5657029.56364433
PPM002,513801.681482718,5654374.83974881
PPM002,513803.519254224,5654387.61101798
PPM002,513783.966047469,5654434.89886838
PPM002,513830.264906458,5654489.99136473
PPM002,513793.367817844,5654390.14162212
PPM002,513786.462118919,5654348.12097884
PPM002,513806.712368674,5654410.027403
PPM002,514245.990705157,5653147.90736344
PPM002,514242.810322994,5653133.98684609
PPM002,514266.34827781,5653221.49230459
PPM002,514296.698954059,5653178.07276276
PPM002,514482.141879702,5653231.40041227
PPM002,514445.226154035,5653299.98847135
PPM002,514854.343380421,5654234.97183727
PPM002,515043.056234416,5653436.71951511
PPM002,515066.595866064,5653441.56991948
PPM002,515067.779319909,5653403.64128475
PPM002,514610.027815478,5653347.76955498
PPM002,514614.968126048,5653326.63231219
PPM002,517623.353713149,5654599.94543612
PPM002,517841.794236335,5654744.76231997
PPM002,519953.402427315,5655598.58819719
PPM002,519954.31347531,5655593.18709935
PPM002,520093.580063374,5655699.62877526
PPM002,522862.374977268,5654985.86775353
PPM002,522861.987463632,5654940.38259743
PPM002,522900.342206013,5654792.90371668
PPM002,522969.550985865,5654675.7770343
PPM002,522868.119190321,5654385.06719424
PPM002,522869.730251644,5654393.31471758
PPM002,522869.787390977,5654386.74267474
PPM002,522866.418173507,5654444.65515408
PPM002,522868.499251871,5654454.41716515
PPM002,522899.238864479,5654426.62942131
PPM002,522731.560852211,5654485.20630468
PPM002,522635.545254075,5653940.11850092
PPM002,522728.667948896,5653965.11503342
PPM002,522675.150881634,5653943.91749658
PPM002,522652.916980481,5654071.90733175
PPM002,523122.911680457,5653936.99443673
PPM002,522888.951240215,5653973.06217652
PPM002,522922.856309488,5654269.14363713
PPM002,522949.199926695,5654259.02961401
PPM002,523025.313255599,5654417.78177789
PPM002,523025.324457798,5654415.26856345
PPM002,523127.818558053,5654396.14298169
PPM002,523132.241539273,5654394.78382649
PPM002,519981.374505769,5654859.88765544
PPM002,520004.514532247,5654845.63165097
PPM002,519966.861456248,5654892.99316434
PPM002,519952.416968713,5654935.618215
PPM002,519995.882924539,5654911.32098522
PPM002,520012.442639511,5654925.37484102
PPM002,519940.849425344,5654955.79079654
PPM002,519938.241357284,5655032.13478947
PPM002,519937.352134099,5655039.12621659
PPM002,519905.411490315,5654976.23833104
PPM002,519904.694398015,5654994.96266219
PPM002,519920.535017984,5655024.60453989
PPM002,519917.303578677,5655010.01296613
PPM002,519844.213022342,5654937.98149566
PPM002,519907.904183453,5654980.62945601
PPM002,519559.580668262,5654489.68107944
PPM002,518508.794721994,5654203.89150205
PPM002,518532.729294255,5654194.52482394
PPM002,518494.070631846,5654147.29067153
PPM002,518500.401721996,5654151.21665966
PPM002,518166.760771276,5654134.87531074
PPM002,518184.338634973,5654082.88178796
PPM002,518234.154886736,5653991.22375149
PPM002,518193.760392778,5654121.11410015
PPM002,518106.131939822,5654303.69506899
PPM002,518096.341599051,5654288.53679255
PPM002,518184.77447579,5654287.71303308
PPM002,518185.316537861,5654281.10932382
PPM002,518156.750495072,5654315.90518595
PPM002,518197.802772764,5654372.77566069
PPM002,518265.528527529,5654398.43631028
PPM002,518437.912639647,5654498.38880549
PPM002,520808.545033858,5652901.25831479
PPM002,520876.301503087,5653927.68392181
PPM002,520991.993192019,5654332.88704043
PPM002,520734.386072089,5653977.04391439
PPM002,520725.581003184,5653966.2216061
PPM002,520831.464793953,5654598.28660452
PPM002,520539.288036909,5654822.59797987
PPM002,521167.079622746,5653954.52227432
PPM003,528118.489004402,5653313.12954822
PPM003,528136.867233132,5653247.72860761
PPM003,528011.756438882,5653313.55074634
PPM003,528007.052746995,5652952.21358342
PPM003,527959.860151633,5652899.46835443
PPM003,528128.189270623,5652896.60070454
PPM003,528109.190036362,5653063.0854697
PPM003,528003.418339452,5653131.1259876
PPM003,528343.973900785,5653332.71058459
PPM003,528275.407757835,5653163.18893934
PPM003,528262.570017865,5653164.00837112
PPM003,527972.444577006,5653178.77726656
PPM003,528101.517692426,5653171.4706223
PPM003,528082.722573325,5652978.09061168
PPM003,528009.848648558,5652979.80807407
PPM003,528005.173757231,5652949.53443308
PPM003,527995.370660455,5652933.80113415
PPM003,527890.309199223,5653350.81545071
PPM003,527902.038259356,5653347.43134992
PPM003,528465.621986036,5653577.92385264
PPM003,528432.209323493,5653507.79056744
PPM003,528713.852243858,5653779.80401949
PPM003,528708.46097168,5653791.00599705
PPM003,529187.960957378,5654158.34163721
PPM003,529692.75785915,5654064.69016683
PPM003,529970.196672268,5654041.71528028
PPM003,529948.313327714,5654067.1661253
PPM003,529679.606985009,5653986.10208873
PPM003,529426.712909244,5653872.66957718
PPM003,529502.286940858,5654071.38349778
PPM003,529511.271137145,5654081.99952228
PPM003,529472.938910216,5654090.67730012
PPM003,529471.96274099,5654102.01489572
PPM003,529380.371095733,5654056.56538656
PPM003,529404.255061483,5654048.69432897
PPM003,529407.989173056,5654217.9733793
PPM003,529595.26493406,5654143.86655205
PPM003,529571.007776664,5653506.39765334
PPM003,529396.990119331,5653612.60864066
PPM003,529244.49702052,5653819.58991171
PPM003,529479.923861053,5653935.58271639
PPM003,529397.524679685,5653937.67098105
PPM003,529363.844574792,5653892.55164541
PPM003,529271.736753357,5653900.25833148
PPM003,529155.583564106,5653907.16366622
PPM003,529156.133508221,5653697.87448086
PPM003,528866.232311653,5653714.9295784
PPM003,529694.748774941,5653584.06282765
PPM003,529364.231923072,5653849.07174041
PPM003,529288.723139265,5653810.49900519
PPM003,529109.180277151,5653979.29803018
PPM003,529053.01241171,5654030.02606566
PPM003,529146.498021052,5654013.76030519
PPM003,529500.047778235,5654070.59225905
PPM003,529454.935802499,5654149.29218359
PPM003,529332.326293132,5654158.15842557
PPM003,529176.200798224,5653707.9964191
PPM003,529168.640840475,5653693.27436345
PPM003,529594.571973143,5653922.11481115
PPM003,529980.371243365,5654052.45024175
PPM003,529704.912115338,5654036.06849234
PPM003,529505.481006734,5654076.85090586
PPM003,529892.560041711,5654396.3513627
PPM003,530916.487459989,5655129.34405927
PPM003,530729.952475274,5655034.48249945
PPM003,530752.01177655,5655073.6477803
PPM003,530720.611223681,5653068.27400607
PPM003,529648.802093932,5653990.26230958
PPM003,529296.211957954,5653775.84475167
PPM003,529182.629640839,5653947.79585681
PPM003,529512.113123477,5654081.8931245
PPM003,529458.140469122,5654103.71538229
PPM003,529457.280733611,5654106.93549743
PPM003,529452.050087726,5653954.44022217
PPM003,529322.807644223,5653895.76601011
PPM003,528993.0830538,5653851.64640106
PPM003,528751.508257129,5653716.40285553
PPM003,529116.208911536,5654026.04474677
PPM003,529086.967277794,5654014.20325522
PPM003,528983.807390909,5653992.71650617
PPM003,528985.090205679,5654064.00763658
PPM003,528961.212170321,5654133.48955434
PPM003,529020.174819249,5654171.51974188
PPM003,529124.501120837,5654097.37544095
PPM003,529007.871520402,5654214.93274476
PPM003,528830.312722386,5654107.73574697
PPM003,528894.81233168,5654146.35143002
PPM003,529231.834696007,5654087.08331169
PPM003,528898.740452271,5654146.03977955
PPM003,528830.46350931,5654093.27963078
PPM003,528833.688038665,5654105.97526614
PPM003,528874.559859975,5654094.3043506
PPM003,528801.802977552,5654077.77315454
PPM003,528884.735770879,5654067.56025711
PPM003,528804.058361191,5654075.67278885
PPM003,528779.29688,5654014.70437516
PPM003,528734.224882631,5654037.69583283
PPM003,528711.683229478,5653955.61071167
PPM003,528732.088481564,5654031.01151093
PPM003,528703.714298067,5653951.22934697
PPM003,528732.502585798,5654044.80352365
PPM003,528731.563674991,5654037.12499578
PPM003,528733.145354224,5654042.694159
PPM003,528735.517447219,5654044.82029156
PPM003,528737.891955309,5653970.88062327
PPM003,528762.699018086,5654099.35194144
PPM003,528720.082462327,5653945.64873661
PPM003,528779.927281734,5654014.81909417
PPM003,528746.687964478,5653977.82441177
PPM003,528756.749542521,5653971.54158722
PPM003,528743.026162086,5653955.45136593
PPM003,528741.258048808,5653970.7881405
PPM003,528735.091722392,5653970.08659681
PPM003,528739.535721339,5653977.89582835
PPM003,528738.603208263,5653981.67169028
PPM003,528688.42011288,5653952.81250908
PPM003,528713.436548885,5653892.4547019
PPM003,528657.78345062,5653939.40881241
PPM003,528696.686766266,5653903.59357999
PPM003,528727.424146708,5654050.22444212
PPM003,528656.965301041,5653909.93433935
PPM003,528635.303905205,5653820.51478595
PPM003,528666.672504253,5653841.15087463
PPM003,528645.875297807,5653785.54309326
PPM003,528705.01135671,5653806.11102229
PPM003,528665.411011729,5654017.96348959
PPM003,528743.986078397,5654034.96994821
PPM003,528853.55295336,5653951.28553014
PPM003,528833.262632523,5653930.93251838
PPM003,528746.972751619,5653977.04754505
PPM003,528493.973716459,5653967.97271582
PPM003,528409.208427443,5653992.5275517
PPM003,528768.861195954,5654075.58787907
PPM003,528881.691179461,5653947.43928632
PPM003,528884.437728788,5653920.20884034
PPM003,528877.785285471,5653943.74761069
PPM003,528842.950751689,5653966.46173687
PPM003,528793.350261233,5654059.59923947
PPM003,529006.563270701,5654048.33670341
PPM003,529072.552139125,5654046.48347205
PPM003,529664.282609513,5654115.01480739
PPM003,530578.515001315,5652916.74507687
PPM003,529998.414621514,5652163.69677245
PPM003,529268.261370263,5652297.51931758
PPM003,529387.709705315,5652186.21140664
PPM003,529361.859148242,5652254.79053051
PPM003,528442.359513705,5652568.03517236
PPM003,528622.641526512,5652321.14986369
PPM003,528084.10820313,5652981.21193789
PPM003,528082.794513617,5652977.75738151
PPM003,528049.599945895,5652969.12538054
PPM003,528006.487418119,5653160.05644963
PPM003,527896.870691104,5653356.41122164
PPM003,528593.128437635,5653826.73123298
PPM003,528338.268061599,5653618.70411139
PPM003,528269.431913174,5653601.75717613
PPM003,528316.056681331,5653781.94571445
PPM003,528392.671537815,5653735.43671446
PPM003,528690.391166611,5653736.74768075
PPM003,528649.777131817,5653878.53401721
PPM003,528339.805655991,5653696.33516554
PPM003,528178.757294267,5653487.49697917
PPM003,528107.335069227,5653533.03652751
PPM003,528209.422756401,5653470.64960623
PPM003,528156.94780221,5653809.43401684
PPM003,528257.981831328,5653605.47558855
PPM003,528269.484386697,5653656.24897897
PPM003,528278.061946806,5653652.07004239
PPM003,528261.886598375,5653609.5004027
PPM003,528252.084951605,5653593.87779749
PPM003,527896.623451271,5653324.27104855
PPM003,528273.373968823,5653560.52088569
PPM003,528318.233867007,5653295.09266171
PPM003,528132.693259232,5653061.21163264
PPM003,528091.161537086,5653089.89954716
PPM003,528089.301308979,5653019.27296509
PPM003,528131.337879618,5652885.05231164
PPM003,528149.677167655,5653058.85755976
PPM003,528075.778479704,5653068.68661495
PPM003,528133.794092992,5653065.10987209
PPM003,528178.438130122,5652941.57965545
PPM003,528297.915050637,5653035.75760474
PPM003,528024.665550179,5653027.92983139
PPM003,528034.506982751,5653036.54614878
PPM003,528001.537323,5653012.34669058
PPM003,528004.067377754,5652946.63705582
PPM003,527966.000323107,5652983.01803095
PPM003,527998.966958556,5652956.06201689
PPM003,527973.652334139,5652968.60253298
PPM003,527971.405240856,5652969.14640561
PPM003,528032.262900092,5652984.82271072
PPM003,528002.1277263,5653032.81198091
PPM003,528063.558996443,5653071.84524939
PPM003,528107.257719798,5653147.59232023
PPM003,528461.975840903,5653526.97087015
PPM003,528661.442166246,5653911.84969677
PPM003,528903.314597615,5654218.23896797
PPM003,528243.397706049,5653938.79502063
PPM003,528156.17882862,5653860.47392588
PPM003,528168.206533893,5653905.02236563
PPM003,528350.183092028,5653530.24855568
PPM003,528344.382650337,5653526.658105
PPM003,528376.495337281,5653718.77797463
PPM003,527124.899390266,5652215.32294216
PPM003,527698.631532655,5651130.6522826
PPM003,527860.027245103,5650159.35137323
PPM003,529217.233667594,5648851.15331709
PPM003,530298.755529178,5648954.34477572
PPM003,529560.452440515,5650568.80024604
PPM003,529773.361516567,5650745.39485273
PPM003,529663.127494988,5650527.35187348
PPM003,529687.130644043,5650562.7421846
PPM003,529672.812879157,5650526.85139481
PPM003,529177.436943096,5651662.68075091
PPM003,529025.239398715,5651721.09742387
PPM003,528151.119550784,5652188.7820203
PPM003,528035.46809687,5653027.43238636
PPM003,528025.389043356,5653153.1528757
PPM003,528077.578108573,5653240.84491437
PPM003,528700.490202496,5653723.79251676
PPM003,528570.55425749,5653927.47135458
PPM003,528513.395230838,5654641.32909856
PPM003,528661.700718666,5654358.12618354
PPM003,529059.912853245,5654012.38289833
PPM003,529041.667188734,5654027.62692328
PPM003,529115.752966069,5653957.64962344
PPM003,531647.784573269,5652805.19075579
PPM003,531271.175862926,5653198.68652098
PPM003,531025.779216155,5653377.47504835
PPM003,530978.979199354,5653463.82506077
PPM003,530828.209432122,5653476.26829087
PPM003,530848.569050588,5653472.27511284
PPM003,530343.105118613,5654155.32207677
PPM003,530330.331742964,5654157.47122289
PPM003,529372.631787365,5653876.25410067
PPM003,529293.065356723,5653935.07593149
PPM003,529075.482104351,5653837.31886412
PPM003,528975.126289096,5653752.79354585
PPM003,528655.606731266,5653408.93811713
PPM003,528691.511768876,5653396.01489954
PPM003,528349.39409284,5653073.29411379
PPM003,528095.53955097,5653161.76310345
PPM003,528260.630666556,5653441.68193593
PPM003,528388.418068268,5653743.86509133
PPM003,528216.106330139,5653723.45997027
PPM003,528245.541561422,5653572.26783496
PPM003,528316.546849773,5653538.96069154
PPM003,528600.268119895,5653651.61931724
PPM003,528580.030970566,5653646.61422235
PPM003,528336.650449934,5653619.5848975
PPM003,528237.151417802,5653798.75100072
PPM003,528258.855887287,5654599.33960582
PPM003,528104.35718152,5654608.83897206
PPM003,527858.301048262,5654617.95955862
PPM003,527954.084012588,5654692.65229107
PPM003,529010.745774427,5654239.97055517
PPM003,528992.842229599,5654219.40788035
PPM003,529045.990140798,5654256.40488151
PPM003,528970.033085579,5654160.89603191
PPM003,528968.684010766,5654101.39250831
PPM003,528961.898158325,5654048.6421606
PPM003,529038.685443842,5654021.71617102
PPM003,528204.024138223,5652133.91176645
PPM003,528120.617792169,5651477.78191624
PPM003,528899.625319982,5651366.31087148
PPM003,529517.778972692,5651554.62880016
PPM003,531756.973973604,5653479.66862405
PPM003,533682.699424073,5655234.38776593
PPM003,532885.251530652,5655540.96559228
PPM003,532091.055205497,5655463.90601134
PPM003,527693.389748061,5653810.59841981
PPM003,527430.500923384,5653721.12006836
PPM003,527926.200155934,5653690.52453363
PPM003,527988.502490177,5653670.95556344
PPM003,527995.988255293,5653674.10991742
PPM003,528028.385522742,5653647.92946498
PPM003,528316.536412101,5653515.27350788
PPM003,528343.563915519,5653918.77022098
PPM003,528058.153026361,5653847.81907395
PPM003,527822.587630085,5653842.20810693
PPM003,527453.532318692,5653728.24843423
PPM003,527432.354195812,5653649.40137659
PPM003,527282.307894363,5653740.24150594
PPM003,527449.334679831,5653515.26469495
PPM003,527995.622258535,5653832.24449259
PPM003,528409.802567928,5653744.20504351
PPM003,528332.084797478,5653633.79438096
PPM003,528330.97387483,5653631.78656026
PPM003,528032.422890839,5653601.68920175
PPM003,527988.631256912,5653867.23687193
PPM003,528010.192445298,5653873.69252603
PPM003,528105.001529135,5653910.46093305
PPM003,528155.065464018,5653858.91095793
PPM003,528164.126123434,5653933.2467509
PPM003,528445.374579726,5654007.73953034
PPM003,528358.151578117,5653994.80481991
PPM003,528270.545059542,5653962.18580703
PPM003,528165.089939141,5653949.37705028
PPM003,528206.055860356,5653856.1864805
PPM003,528010.405986749,5653886.03767941
PPM003,527717.663389822,5653821.29325645
PPM003,527443.270294857,5653785.68795778
PPM003,527513.809279251,5653561.86971671
PPM003,527206.033603728,5653324.48134196
PPM003,527171.079429962,5653237.2224268
PPM003,527190.695044295,5653294.26353673
PPM003,527180.615959007,5653303.99672092
PPM003,527185.093888057,5653305.91079352
PPM003,527190.837444991,5653320.50911772
PPM003,527141.099517811,5653177.34678464
PPM003,528276.234876793,5653678.41614578
PPM003,528161.33018767,5653841.5967785
PPM003,528184.011305572,5653848.3928846
PPM004,523312.034841027,5658693.96846888
PPM004,523450.673517084,5658569.04393116
PPM004,524102.480462658,5659401.09884125
PPM004,524067.592947444,5659042.29209702
PPM004,524103.32146393,5659400.99156414
PPM004,524096.399440846,5659398.40144826
PPM004,523795.009435735,5659702.15522744
PPM004,523704.117385017,5659546.15749303
PPM004,523713.664559903,5659541.41946577
PPM004,523802.527070554,5659378.35397665
PPM004,523779.340815326,5659363.67885688
PPM004,523549.837155382,5659266.32027866
PPM004,523913.550509907,5659059.59122335
PPM004,524100.614709005,5659125.85180858
PPM004,524030.101636587,5659256.30268985
PPM004,523792.73013202,5659376.41824677
PPM004,523794.122732401,5659378.2039892
PPM004,524636.52919736,5660270.04058276
PPM004,524705.159143612,5659904.4958188
PPM004,524704.778950565,5659866.90582567
PPM004,524275.884803891,5659300.9357677
PPM004,524226.123477305,5659307.48544574
PPM004,524250.002410683,5659278.9061467
PPM004,523708.701049113,5659554.63032408
PPM004,525451.762798005,5660054.36498786
PPM004,525436.691363488,5660213.42894788
PPM004,525745.331397302,5659972.19410967
PPM004,525527.204806583,5659329.4411864
PPM004,525299.865796538,5659353.8987511
PPM004,525098.745953982,5659417.19408863
PPM004,523918.895915485,5658994.44851369
PPM004,523691.658156478,5659513.96130972
PPM004,525980.589094797,5660692.33318535
PPM004,526020.037405035,5660715.21856515
PPM004,525991.63373379,5660668.36793542
PPM004,526027.294935219,5660678.55656737
PPM004,526023.180160459,5660592.01599605
PPM004,526051.052004878,5660480.83759417
PPM004,526638.561771459,5659983.181211
PPM004,526392.63663756,5659155.19747052
PPM004,526590.607203139,5659218.82427547
PPM004,524124.65864842,5659196.80331532
PPM004,525166.043772593,5661571.61697941
PPM004,525181.205824507,5661549.22702476
PPM004,525125.521910092,5661511.03334812
PPM004,524093.998613161,5659357.5771094
PPM004,524094.259034657,5659361.80420776
PPM004,524075.447760498,5659325.35153965
PPM004,524093.714813792,5659358.35423552
PPM004,524050.053414666,5659318.67182611
PPM004,524051.246674932,5659303.1083545
PPM004,524068.528700522,5659352.12023165
PPM004,524046.301210049,5659297.19130306
PPM004,524062.167956355,5659319.28436759
PPM004,524042.708874412,5659301.51164439
PPM004,524064.850790859,5659329.75038067
PPM004,524048.69566785,5659324.44827995
PPM004,524059.623127666,5659324.2768288
PPM004,524064.386965044,5659324.0766389
PPM004,524347.993093062,5659649.79990296
PPM004,524298.281835139,5659631.54982729
PPM004,524135.169238468,5659345.64799714
PPM004,524092.520827655,5659389.04190506
PPM004,524332.67053083,5659631.6007606
PPM004,524489.423299028,5659792.48160689
PPM004,524736.59098843,5659775.97930206
PPM004,524884.950890499,5659568.17883813
PPM004,524184.163812877,5659293.38759891
PPM004,524123.104698377,5659334.35960553
PPM004,524140.676506385,5659381.14893971
PPM004,523364.435072677,5659219.32605517
PPM004,525391.15241346,5660160.38079789
PPM004,525391.534324848,5660153.9326277
PPM004,526521.539292245,5659355.8103277
PPM004,526512.559772106,5659358.5443564
PPM004,526506.532517611,5659345.613268
PPM004,526487.862207596,5659353.19068914
PPM004,526393.575310627,5659382.39980638
PPM004,526401.692495928,5659315.49424836
PPM004,526427.414255796,5659298.72239368
PPM004,526487.079354574,5659382.87916005
PPM004,526492.930415774,5659375.56949503
PPM004,526561.825496914,5659598.33958565
PPM004,526627.22347487,5659303.53113617
PPM004,526499.030802642,5659374.26634072
PPM004,526386.116314626,5659389.14531731
PPM004,526482.134462074,5659295.55562318
PPM004,526605.935565524,5659655.50540628
PPM004,526594.09768905,5659465.61248607
PPM004,526593.373702431,5659456.60091555
PPM004,526603.121371975,5659630.80273414
PPM004,526584.561911409,5659453.99770547
PPM004,526663.394277525,5659528.35790481
PPM004,526522.81072669,5659816.77351643
PPM004,526392.034942301,5659368.6021545
PPM004,526639.067401794,5659519.2243522
PPM004,526610.067352322,5659506.2857331
PPM004,523642.306988669,5659920.53151475
PPM004,523639.729339623,5659902.28167782
PPM004,523622.692156266,5659891.08285915
PPM004,526635.359048575,5657374.56469296
PPM004,526695.196717699,5657537.45928861
PPM004,526392.376566725,5657179.0369475
PPM004,526592.171437763,5657229.77223735
PPM004,526717.041280766,5657337.62117615
PPM004,526695.690968341,5657428.3672438
PPM004,526887.130997354,5657385.76771433
PPM004,527182.394515118,5657294.45608483
PPM004,526529.163514737,5659180.80842525
PPM004,526388.655807987,5659344.56397641
PPM004,526413.05174291,5659285.74871588
PPM004,526630.751047006,5659610.59429046
PPM004,526599.879410641,5659471.7587357
PPM004,526841.717376348,5658693.77832332
PPM004,526850.832526971,5658678.70150131
PPM004,526817.568575765,5658676.63793842
PPM004,526815.297702657,5658709.21001217
PPM004,526809.102217498,5658661.24726044
PPM004,527258.810013106,5658626.68292242
PPM004,527182.01741735,5658656.08142413
PPM004,527268.960131529,5658681.11720585
PPM004,527277.905341385,5658579.18689851
PPM004,527286.679244681,5658536.1958645
PPM004,527243.821658333,5658639.39264842
PPM004,527347.372276934,5658650.1716712
PPM004,527766.860339944,5659610.46969221
PPM004,527958.691652025,5659056.13284465
PPM004,527324.399259015,5659231.22249614
PPM004,527402.783196847,5659270.00510105
PPM004,526488.438052027,5659268.34207747
PPM004,526492.266944942,5659272.92126342
PPM004,525579.940303997,5659203.7041958
PPM004,525651.918451334,5659321.94179492
PPM004,525707.907759061,5659415.30140604
PPM004,525626.032514985,5659428.68369395
PPM004,525651.163902579,5659558.14318711
PPM004,525988.214843297,5660110.19815244
PPM004,526547.925990104,5657181.16920565
PPM004,526596.848078526,5657260.48960162
PPM004,526589.221273662,5657870.31245082
PPM004,526891.094231948,5658050.47631789
PPM004,526886.171284506,5657986.83987442
PPM004,527311.871514247,5658448.69740026
PPM004,528073.224108851,5659209.55484141
PPM004,527558.339180033,5659324.65859329
PPM004,527508.283419085,5659661.3517505
PPM004,527500.210217051,5659664.86735188
PPM004,527521.653316106,5659662.75758108
PPM004,527420.363708783,5659638.97554093
PPM004,527489.709275629,5659637.67659732
PPM004,527660.466981438,5659493.57429703
PPM004,528998.734707327,5657900.08350109
PPM004,528555.903937191,5656677.66355353
PPM004,527050.320586521,5657987.697813
PPM004,526939.386665065,5658046.50233879
PPM004,526926.653989044,5657895.30465008
PPM004,526938.796391172,5658025.36979673
PPM004,527226.548624378,5657969.94179629
PPM004,527205.44482317,5657972.83309157
PPM004,527195.501626232,5657971.77980594
PPM004,527207.657884415,5658084.60853331
PPM004,526740.942069592,5659390.7504157
PPM004,527505.986393561,5659645.54795231
PPM004,527505.408304472,5659648.88111114
PPM004,527500.692641995,5659640.07052479
PPM004,527401.857696828,5659655.11355286
PPM004,527355.0536305,5659658.53493963
PPM004,527353.642277768,5659660.52919826
PPM004,527432.081662872,5659661.27947011
PPM004,527316.416002683,5658556.25943851
PPM004,526545.55851519,5657968.28394913
PPM004,526620.13819433,5657853.01226337
PPM004,526600.368073892,5657705.89389033
PPM004,526580.324434463,5657720.47000642
PPM004,526938.428122379,5659678.69463062
PPM004,527360.241071936,5659657.67279404
PPM004,527653.631893532,5659932.25363572
PPM004,527741.764751204,5659978.98962123
PPM004,527750.422508524,5659619.50027979
PPM004,527595.289392161,5658846.3281776
PPM004,527597.525567856,5658847.3410122
PPM004,527672.690662822,5659016.77982051
PPM004,528116.148894263,5659211.90160751
PPM004,528031.037124339,5659213.21767967
PPM004,528117.792361878,5659077.45997317
PPM004,528391.23115281,5658916.37152501
PPM004,528387.731534789,5658928.58515692
PPM004,528033.860597873,5659209.22953367
PPM004,529095.656454765,5659361.34886331
PPM004,529490.082515051,5658562.66657251
PPM004,529486.033131307,5658584.7738726
PPM004,529556.855986535,5658511.6704806
PPM004,529532.949582601,5658490.29279156
PPM004,529532.999873626,5658481.50762637
PPM004,528408.861263644,5657660.8189632
PPM004,528421.867915659,5657690.91671816
PPM004,529356.587515455,5658582.36751076
PPM004,529429.866349269,5658606.47238675
PPM004,529468.451660855,5658596.6839069
PPM004,529353.748756201,5658588.80143589
PPM004,529382.970578727,5658574.8443423
PPM004,529434.292758458,5658567.35233123
PPM004,529445.878812935,5658574.86940287
PPM004,529449.135053931,5658581.22686109
PPM004,529548.28604812,5658479.03736509
PPM004,529464.074961496,5658528.93307384
PPM004,529431.110915378,5658498.82989326
PPM004,529532.724754864,5658480.61638532
PPM004,529533.560906856,5658469.16672061
PPM004,529498.235538439,5658521.23250006
PPM004,528045.304197929,5659204.3985886
PPM004,527504.557185762,5659650.87831703
PPM004,527457.283543656,5659610.92512969
PPM004,527430.024196511,5659613.5602709
PPM004,526525.729029065,5658104.96733174
PPM004,526503.687290029,5658086.05997501
PPM004,526510.13834811,5658084.98104007
PPM004,526502.09251845,5658082.82676259
PPM004,526519.074760083,5658131.95657865
PPM004,526766.000724523,5658610.97995751
PPM004,526960.281777975,5658217.5377203
PPM004,527041.761485835,5658163.69475627
PPM004,527121.468478878,5658140.87070821
PPM004,527235.964309497,5658084.20183589
PPM004,527042.064965113,5658359.75559884
PPM004,526585.430423529,5658714.69271664
PPM004,525798.272998838,5659329.01061866
PPM004,526001.3831782,5659429.11667423
PPM004,525976.88937525,5659411.08879859
PPM004,526544.610567102,5659595.47075235
PPM004,526554.623080411,5659596.07833716
PPM004,526908.217273746,5659696.77501522
PPM004,527411.089275465,5659618.13033181
PPM005,536711.636667421,5650547.70156902
PPM005,535784.947511069,5650795.16233626
PPM005,535749.233893954,5650815.71130379
PPM005,535944.755982622,5650958.26782643
PPM005,535969.475996931,5650925.54425705
PPM005,535853.36701569,5650888.47294213
PPM005,536372.81035201,5651371.96503554
PPM005,536580.510759558,5651426.83261351
PPM005,536051.234774208,5652372.93677577
PPM005,535627.707167014,5652389.82880389
PPM005,535623.653872594,5652378.52431938
PPM005,535610.450900109,5652369.75907841
PPM005,535580.72818386,5652405.07441767
PPM005,535606.574850432,5652515.9938985
PPM005,535375.818635033,5652642.61067193
PPM005,535153.804090321,5652401.28595138
PPM005,535195.967974733,5651244.67219784
PPM005,535347.343677609,5651008.1749592
PPM005,536849.281025445,5651359.64706062
PPM005,536865.227548403,5651402.85409955
PPM005,536827.189917403,5651848.11861664
PPM005,536715.056671648,5651830.82882586
PPM005,536009.310437956,5650933.88407951
PPM005,535975.547982697,5650927.09892718
PPM005,535912.673209973,5650921.77987644
PPM005,535590.807608948,5651008.92177369
PPM005,535608.738686241,5651370.7837642
PPM005,535562.796579934,5651831.61554477
PPM005,535529.22801455,5651895.38521559
PPM005,535605.396170348,5652373.49422904
PPM005,535810.654267113,5652449.14388987
PPM005,535660.2551225,5652410.69355333
PPM005,535544.301813348,5652358.61665713
PPM005,535017.23107098,5652504.59462259
PPM005,535020.66686493,5652523.36764402
PPM005,535031.381388922,5652506.13621403
PPM005,534949.572293277,5651174.91934002
PPM005,535531.313779507,5651495.91663101
PPM005,535743.389915592,5651058.26080359
PPM005,535732.5193162,5651062.78970558
PPM005,535762.601779552,5651049.74161714
PPM005,534705.216222188,5652518.35971042
PPM005,534641.85571045,5652504.53407468
PPM005,533464.250927731,5654318.24457962
PPM005,533316.47258772,5654381.6345629
PPM005,533374.315317565,5654830.76729421
PPM005,533355.920286417,5655465.61572144
PPM005,533331.612503926,5654388.8050814
PPM005,533339.387336067,5654388.88861578
PPM005,533282.323192963,5654351.94421631
PPM005,533333.557847698,5654423.06981501
PPM005,533062.756611461,5654768.76661748
PPM005,531517.437510242,5657675.17648354
PPM005,531230.206828479,5658520.16099613
PPM005,530982.356822276,5658900.82382725
PPM005,531974.690378954,5658443.10538485
PPM005,531967.337921249,5658350.96784209
PPM005,531771.045514238,5657911.53753095
PPM005,531717.159528503,5657979.9663226
PPM005,531678.741335324,5657907.41134397
PPM005,530976.539235469,5657043.45160989
PPM005,531053.99578698,5657010.39886135
PPM005,530950.63031178,5656828.78650393
PPM005,530725.093680177,5657136.87604685
PPM005,530716.542766954,5657075.971983
PPM005,530748.374589194,5657404.62636454
PPM005,530743.322063992,5657057.68197082
PPM005,530792.009061929,5656805.28479499
PPM005,530759.526894066,5656784.27294884
PPM005,530688.393175804,5657175.08015717
PPM005,530710.624156828,5657174.44505326
PPM005,530532.404958493,5656516.1139126
PPM005,530193.201945022,5655641.04718141
PPM005,533805.808103766,5651428.09824121
PPM005,533802.160800491,5651428.00767184
PPM005,534738.883327584,5651529.64386227
PPM005,534745.069985031,5651519.29858495
PPM005,535656.715787043,5651548.89215902
PPM005,536146.01968438,5651428.08081029
PPM005,536276.996357649,5651479.77589863
PPM005,536345.678338491,5651428.39054037
PPM005,536573.562178848,5651488.81564251
PPM005,536531.162508711,5651485.83578051
PPM005,536590.380360068,5651499.32151919
PPM005,536866.267435338,5651996.83862828
PPM005,536575.780322327,5652111.32206179
PPM005,536671.743879151,5652072.67848802
PPM005,536188.188179578,5652077.52260567
PPM005,536220.407752989,5652070.14157492
PPM005,536308.851626575,5652426.69661962
PPM005,536297.861811403,5652441.54364968
PPM005,536719.645314916,5651903.76987282
PPM005,536623.285259312,5651921.64710749
PPM005,536610.378589349,5651905.77517409
PPM005,536652.283533085,5651877.12445502
PPM005,536681.927105755,5651993.82586842
PPM005,536628.144655302,5652052.57423362
PPM005,536771.696312398,5651974.41265684
PPM005,536784.243233888,5651965.82763004
PPM005,536507.135407446,5652479.18254431
PPM005,536208.146825851,5652462.65574034
PPM005,536096.054407857,5652089.60074541
PPM005,536104.331202858,5652208.12911686
PPM005,536116.534811575,5652117.92405755
PPM005,536055.829823211,5652147.5488794
PPM005,536094.265046202,5652130.89114047
PPM005,536517.362730772,5652483.98116178
PPM005,536136.510089699,5652117.12949814
PPM005,535490.170171677,5652007.87120815
PPM005,535305.879599913,5651997.64594541
PPM005,535286.520694645,5651964.61832355
PPM005,534705.880835639,5652507.1210064
PPM005,533884.312471787,5653755.45447171
PPM005,533435.596097668,5654123.22196909
PPM005,533403.434208219,5654122.14649438
PPM005,533295.19926741,5654373.15677877
PPM005,533382.843638997,5654718.50186703
PPM005,532920.010246613,5655734.75657879
PPM005,531096.757510689,5658092.68098647
PPM005,531085.834836624,5658103.17997798
PPM005,530300.685198011,5657901.91524858
PPM005,530663.560368164,5658192.48907292
PPM005,530806.764148127,5657385.81338588
PPM005,531265.916177134,5657354.25572121
PPM005,531199.932735265,5657827.88245977
PPM006,518536.072161747,5646549.40095814
PPM006,518473.026369213,5646535.4975466
PPM006,518220.62438893,5646125.98311979
PPM006,517887.418804024,5646601.84353303
PPM006,517852.279666465,5646666.09846012
PPM006,517958.36379531,5647642.20621419
PPM006,517956.96636237,5647646.38265625
PPM006,518405.514525555,5647558.54947989
PPM006,518526.159431597,5647828.25058522
PPM006,519102.66243393,5648061.49597306
PPM006,519032.874271177,5647971.90815342
PPM006,519050.525698622,5647957.42751043
PPM006,518028.258500852,5647197.73132274
PPM006,518155.471752091,5647464.19918067
PPM006,518163.621027594,5647492.57379271
PPM006,518145.727472513,5647506.30040466
PPM006,518148.296281521,5647498.45837075
PPM006,518151.354449514,5647497.21248095
PPM006,518151.374693474,5647499.44776249
PPM006,518165.28725232,5647497.88409369
PPM006,518154.065083351,5647496.9773353
PPM006,518151.554407785,5647498.24738392
PPM006,518152.554166072,5647511.43974369
PPM006,518155.494385897,5647499.78470096
PPM006,518147.252018693,5647489.94756571
PPM006,518149.638343291,5647502.12170366
PPM006,518150.862483577,5647489.35971813
PPM006,518145.335546099,5647485.92636585
PPM006,518147.450188829,5647493.495684
PPM006,518150.252835258,5647499.05461357
PPM006,518151.283083039,5647501.54920645
PPM006,518148.859211885,5647494.07888662
PPM006,518150.737773423,5647500.90230848
PPM006,518153.569111013,5647498.27668889
PPM006,518149.152762638,5647464.41055465
PPM006,518159.191313536,5647488.55489127
PPM006,518155.56575591,5647495.44797553
PPM006,518153.666994625,5647486.37815014
PPM006,518145.313486225,5647492.22046339
PPM006,518151.899759447,5647497.85937898
PPM006,518143.792979105,5647499.41006586
PPM006,518137.504927097,5647490.80304516
PPM006,518155.823267171,5647460.05248554
PPM006,518124.832751963,5647450.88073302
PPM006,518174.246536161,5647443.46981224
PPM006,518176.040670022,5647432.34454043
PPM006,518140.295545625,5647429.67258983
PPM006,518147.576181559,5647423.50401471
PPM006,518094.790007779,5647431.62623217
PPM006,518099.589353391,5647428.34023496
PPM006,518108.904008384,5647408.64513106
PPM006,518107.281257005,5647402.92354491
PPM006,518101.0397299,5647388.99003892
PPM006,518148.564402776,5647383.91868083
PPM006,518127.137406462,5647398.1778738
PPM006,518145.859779996,5647394.44026565
PPM006,518145.570389362,5647394.88406933
PPM006,518094.841058416,5647425.05422546
PPM006,518110.515246191,5647409.62936645
PPM006,518087.032800347,5647425.52736145
PPM006,518085.670907412,5647433.55156766
PPM006,518085.081147728,5647437.58623035
PPM006,518095.081568537,5647430.55968811
PPM006,518091.640049888,5647408.90726825
PPM006,518112.917160754,5647397.31631216
PPM006,518104.000181337,5647399.64265891
PPM006,518096.775645573,5647431.94454497
PPM006,518094.173238332,5647409.23861382
PPM006,518023.297868829,5647428.80803549
PPM006,518020.09447238,5647413.28386043
PPM006,518020.901192907,5647447.74893586
PPM006,518026.657325736,5647451.92802245
PPM006,518023.39103967,5647418.17721189
PPM006,518015.457404459,5647402.22511869
PPM006,518015.382347649,5647415.72508053
PPM006,518011.09814573,5647430.36692447
PPM006,518024.997388379,5647190.68072799
PPM006,518040.214212274,5647193.82520772
PPM006,518026.472755445,5647402.10777393
PPM006,518051.762146313,5647435.74627958
PPM006,517978.193110944,5647479.11580391
PPM006,517982.287460483,5647452.39646673
PPM006,517998.803105972,5647443.19052419
PPM006,517989.864274037,5647463.96581381
PPM006,518006.135898199,5647415.91532313
PPM006,517972.692596334,5647512.52477346
PPM006,517811.722540986,5647256.4873743
PPM006,517833.936556589,5647246.0105419
PPM006,517835.350010682,5647245.33706367
PPM006,518196.571326412,5647247.65040922
PPM006,518206.885970094,5647261.22025408
PPM006,518181.90241242,5647266.48139498
PPM006,518159.14688509,5647269.03708104
PPM006,518108.196593733,5647424.23352566
PPM006,518192.42986629,5647247.45792866
PPM006,518186.090470075,5647273.39078088
PPM006,518158.586804828,5647246.57181487
PPM006,518181.31287736,5647278.42268483
PPM006,518183.703231742,5647259.4707172
PPM006,518163.850139877,5647247.16854001
PPM006,518939.89813571,5646655.79461597
PPM006,518917.535497842,5646678.73219928
PPM006,518946.394913213,5646649.49084724
PPM006,518945.275207782,5646648.47479023
PPM006,518944.395193876,5646652.95311061
PPM006,518965.346275302,5646666.57450023
PPM006,518966.799298164,5646655.18136422
PPM006,518967.786098091,5646698.23222772
PPM006,518960.788364468,5646705.21248291
PPM006,518996.075827965,5646732.4645783
PPM006,518966.257398507,5646709.20250999
PPM006,518772.040438498,5647232.24575088
PPM006,518788.866373601,5647230.98344839
PPM006,518771.643965234,5647211.86052201
PPM006,518786.195191296,5647231.90787388
PPM006,518774.810215212,5647225.42783513
PPM006,518781.640044043,5647221.8940603
PPM006,518655.196644537,5647072.45625815
PPM006,518765.972925234,5647226.90817918
PPM006,518600.12685337,5647292.88788477
PPM006,518588.765811905,5647293.40310564
PPM006,518527.348185721,5647333.24995228
PPM006,518535.624129451,5647368.87614346
PPM006,518609.320091907,5647321.24471312
PPM006,518609.089195226,5647313.21491605
PPM006,518647.125689547,5647338.69528172
PPM006,518207.211106263,5647532.09330532
PPM006,518230.562262123,5647531.51937389
PPM006,518235.533122694,5647523.38558911
PPM006,518221.877097276,5647535.84801475
PPM006,518227.497439125,5647534.65567038
PPM006,518208.375308937,5647528.42765069
PPM006,518155.676269457,5647614.07021971
PPM006,518209.860279705,5647495.43849411
PPM006,518204.445125449,5647526.11189594
PPM006,518234.729584401,5647508.3590284
PPM006,518202.343273075,5647520.92237516
PPM006,518234.564504213,5647523.33769562
PPM006,518197.905482103,5647529.20263109
PPM006,518234.590642058,5647535.84829628
PPM006,518224.510336795,5647529.67431228
PPM006,518227.515175028,5647529.61816804
PPM006,518141.877334199,5647511.17990981
PPM006,518076.184985789,5647444.02726338
PPM006,518150.119276755,5647513.12151539
PPM006,518167.905237618,5647470.03655168
PPM006,518142.969723979,5647503.95544502
PPM006,518183.98708349,5647444.50485499
PPM006,518189.170606118,5647439.7857518
PPM006,518180.4346977,5647444.53686107
PPM006,518180.634652298,5647445.57176508
PPM006,518177.79005958,5647445.96211292
PPM006,518136.360992653,5647490.69895364
PPM006,518209.931307253,5647271.65082292
PPM006,518222.127043953,5647271.34899686
PPM006,518207.591722206,5647282.12917682
PPM006,518263.316396266,5647440.55831725
PPM006,518240.650408006,5647395.98548919
PPM006,518091.831732444,5647420.3508794
PPM006,518044.804490057,5647439.92555426
PPM006,518084.50677107,5647437.21724919
PPM006,517968.031934845,5647170.43257056
PPM006,518007.650515859,5647198.42691912
PPM006,518007.49328844,5647219.41064964
PPM006,517983.583316978,5647194.51783843
PPM006,518026.328701156,5647197.47995394
PPM006,517988.206894005,5647201.45081523
PPM006,517977.834863894,5647161.74817145
PPM006,517986.097124687,5647158.01815612
PPM006,517984.846607322,5647158.25846205
PPM006,517978.472324657,5647180.35488553
PPM006,517975.83162632,5647166.46740442
PPM006,517788.540509157,5647268.79584871
PPM006,517797.844344554,5647260.15387734
PPM006,517813.216944406,5647269.01413351
PPM006,517811.200891217,5647277.51433622
PPM006,517812.037815804,5647277.08351812
PPM006,517809.847705524,5647276.99814098
PPM006,517768.95392224,5647289.04563981
PPM006,517702.931898509,5647149.75837289
PPM006,517687.707154764,5647113.89852944
PPM006,517658.56847085,5647127.01015252
PPM006,517541.76394251,5647031.88924312
PPM006,517974.55598767,5646498.35825109
PPM006,517978.962009734,5646501.3983025
PPM006,518026.829561805,5646543.34416514
PPM006,517987.033562096,5646492.22973355
PPM006,517989.44312563,5646449.44668528
PPM006,518352.846522873,5646337.12651493
PPM006,518357.327314465,5646360.65099102
PPM006,518356.052186874,5646353.90748883
PPM006,518349.301745558,5646356.5969536
PPM006,518348.574105508,5646341.98212649
PPM006,517959.109689008,5646194.27215508
PPM006,518038.215963086,5646179.15638556
PPM006,518013.238277339,5646181.28242077
PPM006,518311.765984926,5645742.08272276
PPM006,518488.594486561,5645819.07479256
PPM006,518422.337028624,5645832.91718533
PPM006,518192.089539477,5645767.24913504
PPM006,518112.273352316,5645796.68320314
PPM006,518213.486562076,5645827.38572328
PPM006,518162.724200231,5645798.41671278
PPM006,518156.556521934,5645804.96725963
PPM006,518158.171557422,5645843.07148555
PPM006,518433.70980875,5645843.81117995
PPM006,518420.247821449,5645861.55597134
PPM006,517791.318944558,5647273.37589704
PPM006,518010.156991782,5647501.12306235
PPM006,518612.87005756,5647265.27711458
PPM006,518581.134154297,5647281.76595931
PPM006,518601.367729736,5647310.96307852
PPM006,518629.363024408,5647284.31904416
PPM006,519043.872092167,5646330.82508302
PPM008,513059.464146342,5655281.35664822
PPM008,512138.707574258,5654894.49605138
PPM008,511889.261415864,5654802.10486863
PPM008,511923.662133259,5654813.64941688
PPM008,511884.199887429,5654783.87782196
PPM008,511357.055230233,5654755.06849523
PPM008,511023.732067208,5654553.16533284
PPM008,511892.744248769,5654811.78773228
PPM008,512117.855764811,5654618.16906099
PPM008,512165.641969416,5655480.08820875
PPM008,512370.429679767,5655560.82045648
PPM008,511013.018804825,5654099.84878723
PPM008,511918.797187857,5654752.82010892
PPM008,511987.530447749,5654470.1401328
PPM008,512025.929853402,5654454.32706117
PPM008,512028.168788649,5654447.22627002
PPM008,511959.205206439,5654501.27862079
PPM008,512391.546563852,5654956.90430774
PPM008,512453.200032794,5655058.62742759
PPM008,512456.311216489,5655053.31932125
PPM008,512429.395734951,5655023.10674455
PPM008,512382.011037001,5654945.98333045
PPM008,512450.60471527,5654835.39898962
PPM008,511712.071506542,5655447.55737481
PPM008,511546.178121579,5655285.62489138
PPM008,511648.288489437,5655325.33203831
PPM008,512135.350226305,5655666.8751537
PPM008,512435.395048889,5655038.16725015
PPM008,512288.429145614,5655575.35936766
PPM008,512267.628314252,5655577.25600173
PPM008,512287.841169188,5655575.02435261
PPM008,512201.576876235,5655638.14008621
PPM008,512228.492284615,5655635.02328493
PPM008,512120.29537764,5654050.43960233
PPM008,512237.971810226,5654050.80597781
PPM008,511364.043335787,5654781.09473156
PPM008,511168.816934156,5654750.58792517
PPM008,511170.021789739,5654751.01310982
PPM008,511451.362702536,5653392.80468044
PPM008,511449.757610558,5653386.16219468
PPM008,512499.790808118,5654892.33251704
PPM008,512248.744369827,5655601.37608208
PPM008,511337.717821837,5654807.51480662
PPM008,511691.318157783,5654905.05153829
PPM008,511791.36504965,5654420.48039479
PPM008,512100.719388133,5654559.46819756
PPM008,512164.379311887,5654644.18920485
PPM008,512340.64499076,5654743.39084271
PPM008,512313.640419459,5654758.40581173
PPM008,512335.383649365,5655560.76998088
PPM008,512183.719147019,5655946.41465432
PPM008,512065.101941872,5655911.22875984
PPM008,512194.2563767,5655945.08282492
PPM008,512120.481599179,5655921.67831881
PPM008,511027.112936553,5655980.35696844
PPM008,511549.932497963,5656436.7635665
PPM008,511557.212612427,5656462.35709626
PPM008,511560.082090342,5656448.40724621
PPM008,511574.955193268,5656431.8487309
PPM008,511557.0304788,5656481.10591563
PPM008,511834.992528748,5655607.66179608
PPM008,512290.224422259,5655589.69800176
PPM008,511487.911076689,5656162.90433983
PPM008,511559.437438209,5656457.75817491
PPM008,511579.18824599,5656453.63223672
PPM008,511586.0240772,5656461.65436146
PPM008,511592.763905089,5656303.32416908
PPM008,511581.958193077,5656452.83777175
PPM008,511480.954216737,5656139.72479668
PPM008,511577.582845871,5656450.75953727
PPM008,511468.109499566,5655147.96800155
PPM009,533981.341715338,5649919.25710442
PPM009,534054.930840841,5650082.43799976
PPM009,534585.926174712,5651464.71825168
PPM009,534540.385922006,5651350.98153453
PPM009,534093.872026449,5650806.76893997
PPM009,534104.133802169,5650782.70447809
PPM009,534097.306293603,5650796.67165922
PPM009,534092.270870895,5650804.86785002
PPM009,534094.854449486,5650796.09945517
PPM009,534104.852736756,5650790.71619
PPM009,534080.638296767,5650824.03015268
PPM009,534043.968030953,5650692.56329674
PPM009,534041.964058628,5650698.55533268
PPM009,533978.778303433,5650074.48630528
PPM009,534867.005603001,5650260.22027205
PPM009,534839.961226848,5650275.05112793
PPM009,534637.895369744,5650356.32159422
PPM009,534641.881123429,5650347.89648002
PPM009,534666.560892052,5650434.47043876
PPM009,534959.906651422,5651495.48018931
PPM009,534910.688278695,5651418.6363765
PPM009,534901.44580576,5651436.81213305
PPM009,535296.972829011,5651414.80876303
PPM009,534257.524677236,5651415.15739622
PPM009,534177.115139275,5651650.94244973
PPM009,533527.869487929,5650755.69410973
PPM009,533182.480592449,5650250.58548044
PPM009,533183.74420526,5650064.54325694
PPM009,533125.725055886,5650040.81780751
PPM009,533112.579401702,5650022.60681097
PPM009,533110.210895168,5650041.8305604
PPM009,533109.789593261,5650052.83741356
PPM009,533068.366418303,5650067.36305583
PPM009,533083.672352422,5650087.9231156
PPM009,533092.918292492,5650079.53048094
PPM009,533109.69752449,5650154.92538525
PPM009,533144.630659004,5650123.7885578
PPM009,533067.912958835,5650171.22803304
PPM009,533040.980612054,5650828.29306169
PPM009,532995.117454385,5650780.95940631
PPM009,533153.113693068,5650573.78901072
PPM009,533138.394300564,5650549.56261677
PPM009,533215.844721236,5650212.43298616
PPM009,533099.442605339,5650156.52787049
PPM009,532994.943322434,5650302.32064404
PPM009,533520.966073477,5650640.88293207
PPM009,533489.480207286,5650659.91790417
PPM009,533444.943281902,5650614.03453327
PPM009,533438.947580743,5650662.37113724
PPM009,533552.0667633,5650756.96311035
PPM009,533541.246576433,5650759.33949743
PPM009,534901.451257193,5650282.02693063
PPM009,534004.914177847,5650005.48680838
PPM009,533990.850568164,5649999.27795377
PPM009,534032.72729045,5649969.63839231
PPM009,534046.317589699,5650026.4437852
PPM009,534126.412082944,5650798.30933837
PPM009,534125.271954269,5650800.97080573
PPM009,534082.96638195,5650758.21040253
PPM009,533859.366173251,5649889.54331246
PPM009,533878.010714966,5649914.24228304
PPM009,533976.266636721,5650018.86592185
PPM009,533979.536774001,5650023.11329616
PPM009,534006.228447218,5649890.95145303
PPM009,534023.478491416,5649892.8441985
PPM009,533878.257030167,5650005.21182265
PPM009,533797.639034278,5650025.36912283
PPM009,533794.34405054,5650024.90276543
PPM009,533848.361810789,5649909.04385791
PPM009,533790.63793666,5650033.66396584
PPM009,533775.265022203,5649959.27681664
PPM009,533823.907217238,5649914.33308749
PPM009,533895.03009606,5649897.78381482
PPM009,534720.511952271,5650006.79280948
PPM009,534525.243775818,5649951.43886266
PPM009,534034.741740518,5649844.76532914
PPM009,533913.998302108,5649883.78474728
PPM009,533858.115063654,5649898.43174145
PPM009,533858.17649954,5649899.76663617
PPM009,533865.294485785,5649905.8184443
PPM009,533840.053392337,5649934.78969343
PPM009,533787.754962135,5650045.32194612
PPM009,533788.124245301,5650031.75701544
PPM009,533702.507681203,5649914.5416377
PPM009,533670.572546247,5649947.9184047
PPM009,533686.960563454,5650006.7427573
PPM009,533761.744558206,5650041.81589135
PPM009,533711.33063781,5650003.56528142
PPM009,533297.859078162,5649723.75803774
PPM009,533916.795804714,5649853.10975468
PPM009,533866.557935211,5649948.64168975
PPM009,533804.420289149,5650039.98164471
PPM009,533734.890458405,5650006.27664465
PPM009,533824.371173867,5650036.55341011
PPM009,533830.798967902,5650040.82133701
PPM009,533887.555430611,5649956.89735904
PPM009,533911.575162248,5649878.76451488
PPM009,533883.054649978,5649904.82266012
PPM009,533862.316504229,5649899.79373361
PPM009,533878.582051183,5649934.15220792
PPM009,533941.948542769,5650008.85435359
PPM009,533923.385030276,5649982.59876484
PPM009,534012.215276491,5650026.33066093
PPM009,533801.203063055,5650027.61656394
PPM009,533798.543532327,5650015.81116792
PPM009,533913.492533682,5649886.00558626
PPM009,533915.262633491,5649872.89467851
PPM009,533904.394515082,5649882.27609692
PPM009,533849.520903091,5649903.49105606
PPM009,533869.672936223,5649912.29715657
PPM009,533915.955036739,5649885.02086029
PPM009,533892.179558165,5649936.5766367
PPM009,533896.074846779,5649909.68988708
PPM009,534102.850929511,5650796.3745941
PPM009,534279.342005646,5650864.82222544
PPM009,534906.30979791,5650944.8599322
PPM009,534889.397062107,5650924.72833791
PPM009,535124.650772017,5651377.60383066
PPM009,535301.909682251,5651431.52371473
PPM009,535421.27123968,5651027.31930204
PPM009,535298.132434195,5650967.42574934
PPM009,535422.579036171,5651030.9981334
PPM009,535376.491114951,5651009.66428438
PPM009,535397.87530973,5650888.70481067
PPM009,535379.847436178,5650888.24782271
PPM009,534844.472406209,5650032.42566869
PPM009,534794.144400571,5650013.84880838
PPM009,534791.122685831,5650014.49573285
PPM009,534734.900160536,5650006.33336036
PPM009,534747.475593184,5649910.11173962
PPM009,534782.094791114,5649885.65622354
PPM009,534701.496614173,5649755.55774772
PPM009,533936.151631052,5649951.21070651
PPM009,533933.993455872,5649969.99065852
PPM009,533952.350835629,5649995.57768546
PPM009,534084.721780031,5650044.60114011
PPM009,534167.573624617,5650068.83497687
PPM009,534437.988708985,5649977.2135293
PPM009,534679.759900324,5650004.1840844
PPM009,535026.118378092,5649642.53390964
PPM009,534002.464140228,5650004.58104159
PPM009,533820.450878964,5650045.86922801
PPM009,533820.787191781,5650069.55867496
PPM009,533813.896304338,5650093.20087565
PPM009,533738.677178258,5650017.4221113
PPM009,533761.736574746,5650043.03912418
PPM009,533762.353075067,5650034.59136102
PPM009,533651.033767104,5649995.8329888
PPM009,533659.289020365,5649999.66775751
PPM009,533924.829486451,5649944.24156502
PPM009,533939.485317114,5649945.78339716
PPM009,533945.691416717,5649994.53311235
PPM009,533992.143632618,5650037.4307157
PPM009,534891.001589237,5651362.78817834
PPM009,534889.320995681,5651362.33200565
PPM009,534893.870616163,5651353.46604821
PPM009,535081.662565569,5651757.8667907
PPM009,535120.387259792,5651788.37836776
PPM009,535116.167944028,5651800.24900082
PPM009,535305.674833766,5651784.19112831
PPM009,535279.175208877,5651771.55489707
PPM009,535300.067277186,5651763.0232451
PPM009,535176.856494814,5652252.16767047
PPM009,535539.507794415,5652391.76832574
PPM009,535316.206871487,5652080.52228553
PPM009,535311.34847556,5652093.50048571
PPM009,535289.114856631,5652195.99406313
PPM009,535301.876753331,5652186.29485338
PPM009,535113.263588847,5652165.88242075
PPM009,535715.256087323,5652364.28782854
PPM009,535678.986147231,5652355.2518783
PPM009,534215.425422625,5650971.04741244
PPM009,534217.947325807,5650971.62013841
PPM009,534043.880357236,5650759.1762552
PPM009,534007.576766913,5650699.77480976
PPM009,534007.023540248,5650698.54788526
PPM009,534246.608708826,5650838.91631976
PPM009,534777.782048246,5650996.59544316
PPM009,534760.586613958,5651143.71940288
PPM009,534740.04918209,5651120.11647379
PPM009,534881.554274786,5651109.72580193
PPM009,534890.596904145,5651204.42496694
PPM009,535018.545611241,5651330.84394481
PPM009,534968.952420914,5651184.82555984
PPM009,534897.351917865,5651076.69235086
PPM009,534844.983185266,5651039.75173475
PPM009,534863.638512769,5651030.31356827
PPM009,535031.337813819,5650913.01014564
PPM009,534633.270367135,5650344.94741076
PPM009,534646.670719132,5650334.69480995
PPM009,534676.923750569,5650134.16715473
PPM009,534682.56630596,5650150.77496872
PPM009,534651.322248161,5650101.18925174
PPM009,534636.918128543,5650345.08304415
PPM009,534631.318444019,5650343.04380612
PPM009,534733.091910352,5650171.1314122
PPM009,534389.977197964,5650095.4417206
PPM009,534419.411059395,5649974.53210834
PPM009,534409.524482693,5649994.48375262
PPM009,534370.534495849,5650011.7953934
PPM009,534116.675438034,5650061.93778246
PPM009,533975.290470913,5649943.12702568
PPM009,533983.50247382,5649953.5232867
PPM009,534053.142597519,5649981.00472545
PPM009,533847.642700135,5649697.18848456
PPM009,533766.030404497,5649438.87587768
PPM009,533609.61006946,5649524.04331006
PPM009,533112.304408172,5650525.93070687
PPM009,533346.829376866,5650498.41223572
PPM009,533345.059472385,5650511.74574971
PPM009,533156.605547677,5650532.55334848
PPM009,533700.579618487,5651147.26745365
PPM009,533762.779145066,5651140.88949993
PPM009,533762.438272616,5651150.11753118
PPM009,533761.43707595,5651131.53927315
PPM009,533807.780477893,5651157.53107541
PPM009,533746.523545342,5651126.99361175
PPM009,533899.277347722,5651187.48896828
PPM009,534041.583295309,5651353.23407136
PPM009,534044.552881345,5651360.37093514
PPM009,535103.541145592,5652110.21218996
PPM009,535117.773963794,5652575.71618323
PPM009,535123.639311618,5652424.73493434
PPM009,535099.15041694,5652374.63599834
PPM009,535234.037292287,5652239.54570708
PPM009,535112.836950456,5652424.88396076
PPM009,535126.217838849,5652416.85665557
PPM009,535225.566368852,5652494.48900205
PPM009,535021.708852453,5652613.87614654
PPM009,535011.582547848,5652514.27597747
PPM009,535022.165757759,5652598.19884897
PPM009,535023.263247812,5652508.68347895
PPM009,535006.001748748,5652489.10507108
PPM009,535125.124719179,5652443.53925742
PPM009,535132.727435557,5652429.13382583
PPM009,535095.031638375,5652516.39881139
PPM009,535019.123820457,5652508.87784982
PPM009,535020.778411881,5652513.11498084
PPM009,535118.752243516,5652442.05024848
PPM009,535177.309660307,5652288.64712357
PPM009,535327.809453409,5652137.87391383
PPM009,535360.513095418,5652524.99187362
PPM009,535616.644062493,5650856.51071842
